<?xml version = "1.0" encoding = "utf-8"?>
<!DOCTYPE hibernate-configuration PUBLIC 
	"-//Hibernate/Hibernate Configuration DTD 3.0//EN"
	"http://www.hibernate.org/dtd/hibernate-configuration-3.0.dtd">
<hibernate-configuration>
   <session-factory>
   
      <property name = "hibernate.dialect">
         org.hibernate.dialect.MySQL5Dialect
      </property>
      
      <property name = "hibernate.connection.driver_class">
         com.mysql.cj.jdbc.Driver
      </property>
      
      <!-- Assume test is the database name -->
      
      <property name = "hibernate.connection.url">
         jdbc:mysql://localhost:3306/libraryManagement?useSSL=false
      </property>
      
      <property name = "hibernate.connection.username">
         root
      </property>
      
      <property name = "hibernate.connection.password">
         root
      </property>
      
    	<property name="connection.pool_size">100</property>
    	
    	<property name="show_sql">true</property>
    	
    	<property name="current_session_context_class">thread</property>
    	
    	<mapping class="com.example.demo.entity.Student"/>
    	<mapping class="com.example.demo.entity.Book"/>
    	<mapping class="com.example.demo.model.LoginModel"/>
      
   </session-factory>
</hibernate-configuration>